"day","pm25","season","risk"
1,10.5161948275823,"winter","good"
2,13.1585800841338,"winter","moderate"
3,27.469666513193,"winter","moderate"
4,15.5640671313966,"winter","moderate"
5,16.0343018812876,"winter","moderate"
6,28.7205198950662,"winter","moderate"
7,18.6873296479136,"winter","moderate"
8,4.87951012314773,"winter","good"
9,9.50517718485179,"winter","good"
10,11.4347042392003,"winter","good"
11,24.7926543795157,"winter","moderate"
12,17.8785106164589,"winter","moderate"
13,18.2061716047524,"winter","moderate"
14,15.885461727561,"winter","moderate"
15,10.5532709219674,"winter","good"
16,29.2953050944246,"winter","moderate"
17,18.9828038258339,"winter","moderate"
18,0,"winter","good"
19,20.6108472125095,"winter","moderate"
20,11.2176687381765,"winter","good"
21,6.45741035210524,"winter","good"
22,13.2562006827336,"winter","moderate"
23,6.79196441354208,"winter","good"
24,9.16887016567088,"winter","good"
25,9.99968585720594,"winter","good"
26,1.50645351406069,"winter","good"
27,21.7022963559562,"winter","moderate"
28,16.2269849426921,"winter","moderate"
29,5.89490450390442,"winter","good"
30,25.0305193685594,"winter","moderate"
31,18.4117137718145,"winter","moderate"
32,12.6394281360618,"winter","moderate"
33,22.1610052883602,"winter","moderate"
34,22.0250679002643,"winter","moderate"
35,21.5726486530999,"winter","moderate"
36,20.5091220328007,"winter","moderate"
37,19.4313412283007,"winter","moderate"
38,14.5047063153862,"winter","moderate"
39,12.5522986900807,"winter","moderate"
40,11.9562319919009,"winter","good"
41,9.4423441686359,"winter","good"
42,13.3366617758432,"winter","moderate"
43,4.87682918745388,"winter","good"
44,32.3516477227081,"winter","moderate"
45,24.6636959864399,"winter","moderate"
46,6.0151313343732,"winter","good"
47,11.7769213176074,"winter","good"
48,11.2667571710143,"winter","good"
49,21.2397209466905,"winter","moderate"
50,14.3330474682254,"winter","moderate"
51,17.026548111958,"winter","moderate"
52,14.7716259572104,"winter","moderate"
53,14.6570363416695,"winter","moderate"
54,25.9488182721157,"winter","moderate"
55,13.1938321147259,"winter","moderate"
56,27.1317648354363,"winter","moderate"
57,2.60997756615823,"winter","good"
58,19.6769099970886,"winter","moderate"
59,15.9908339507569,"winter","moderate"
60,16.7275325499518,"winter","moderate"
61,18.0371158620791,"winter","moderate"
62,10.9814123751256,"winter","good"
63,12.3343409306446,"winter","moderate"
64,6.85139693514329,"winter","good"
65,6.42567018819538,"winter","good"
66,17.4282291312341,"winter","moderate"
67,18.5856782290354,"winter","moderate"
68,15.424033813844,"winter","moderate"
69,22.3781397430379,"winter","moderate"
70,31.4006774850172,"winter","moderate"
71,11.0717506715477,"winter","good"
72,0,"winter","good"
73,23.0459081956981,"winter","moderate"
74,9.32639389934086,"winter","good"
75,9.49593106826114,"winter","good"
76,23.2045709575736,"winter","moderate"
77,12.7218159435919,"winter","moderate"
78,5.23425830196372,"winter","good"
79,16.4504278379932,"winter","moderate"
80,13.8888691004876,"winter","moderate"
81,15.0461134871991,"winter","moderate"
82,18.0822432090106,"winter","moderate"
83,12.0347197456607,"winter","moderate"
84,20.1550123881507,"winter","moderate"
85,13.23610750545,"winter","moderate"
86,17.6542557113256,"winter","moderate"
87,23.7747121051948,"winter","moderate"
88,18.4814519266704,"winter","moderate"
89,12.3925473157502,"winter","moderate"
90,24.1904609476088,"winter","moderate"
91,22.948030847697,"spring","moderate"
92,19.3871756760646,"spring","moderate"
93,16.9098538808915,"spring","moderate"
94,9.97675139168503,"spring","good"
95,25.8852195882401,"spring","moderate"
96,10.197923302823,"spring","good"
97,32.4986639441326,"spring","moderate"
98,27.2608850094815,"spring","moderate"
99,13.1143971271962,"spring","moderate"
100,6.78863279754576,"spring","good"
101,9.31674749040559,"spring","good"
102,17.0550696732522,"spring","moderate"
103,13.026464972301,"spring","moderate"
104,12.2196592048181,"spring","moderate"
105,7.38705146187987,"spring","good"
106,14.6397782015286,"spring","moderate"
107,8.72076424434339,"spring","good"
108,1.65646450729491,"spring","good"
109,11.9581878376979,"spring","good"
110,22.3519728724861,"spring","moderate"
111,10.3972242991329,"spring","good"
112,19.8637145778003,"spring","moderate"
113,2.05693833368669,"spring","good"
114,14.5555042758037,"spring","moderate"
115,19.1552576315477,"spring","moderate"
116,17.4092268973337,"spring","moderate"
117,15.8454095531915,"spring","moderate"
118,9.87435193355699,"spring","good"
119,8.20236523173134,"spring","good"
120,6.80696967516069,"spring","good"
121,15.941172776801,"spring","moderate"
122,7.42020308652158,"spring","good"
123,11.0755404503947,"spring","good"
124,12.951262462414,"spring","moderate"
125,29.7508960418577,"spring","moderate"
126,9.78440078643633,"spring","good"
127,16.8830925782789,"spring","moderate"
128,15.6236867965097,"spring","moderate"
129,7.30514692695897,"spring","good"
130,14.4295353110112,"spring","moderate"
131,26.5564068673868,"spring","moderate"
132,18.6120324246337,"spring","moderate"
133,15.3298633759435,"spring","moderate"
134,11.620025341283,"spring","good"
135,0,"spring","good"
136,24.0506977073134,"spring","moderate"
137,3.31487943260142,"spring","good"
138,20.9195800870187,"spring","moderate"
139,30.2728285537399,"spring","moderate"
140,3.44885471222561,"spring","good"
141,20.6142746829977,"spring","moderate"
142,12.9024200847803,"spring","moderate"
143,2.4228467268361,"spring","good"
144,2.88265876974599,"spring","good"
145,2.18771061140325,"spring","good"
146,10.7527478226376,"spring","good"
147,3.3059553200328,"spring","good"
148,20.5033341838066,"spring","moderate"
149,31.8008715242054,"spring","moderate"
150,4.70375619171857,"spring","good"
151,21.3019107798014,"spring","moderate"
152,21.1523379280073,"spring","moderate"
153,17.6576206316009,"spring","moderate"
154,6.93298713378394,"spring","good"
155,14.0443791469547,"spring","moderate"
156,12.756837318638,"spring","moderate"
157,19.5039162657638,"spring","moderate"
158,12.0204899511694,"spring","moderate"
159,22.815787093485,"spring","moderate"
160,12.0033531378639,"spring","moderate"
161,23.4216917246347,"spring","moderate"
162,6.60658394667147,"spring","good"
163,4.9187580419351,"spring","good"
164,40.9283194795392,"spring","unhealthy"
165,11.6651392947165,"spring","good"
166,17.3858207323257,"spring","moderate"
167,20.0925573922708,"spring","moderate"
168,11.1297549943301,"spring","good"
169,19.1348963545089,"spring","moderate"
170,17.9517162190807,"spring","moderate"
171,13.2769559388665,"spring","moderate"
172,15.5223442682025,"spring","moderate"
173,14.7274619700923,"spring","moderate"
174,32.0276151921294,"spring","moderate"
175,9.06931122981737,"spring","good"
176,6.23202986340269,"spring","good"
177,15.3023071933686,"spring","moderate"
178,17.4838459955451,"spring","moderate"
179,18.4921878312815,"spring","moderate"
180,11.3330773383112,"spring","good"
181,6.49339092823047,"summer","good"
182,25.1054814087159,"summer","moderate"
183,12.2027968963716,"summer","moderate"
184,8.075897098773,"summer","good"
185,13.1097634484712,"summer","moderate"
186,13.4225928452116,"summer","moderate"
187,23.8793623177091,"summer","moderate"
188,15.6778983375776,"summer","moderate"
189,21.0324302814762,"summer","moderate"
190,11.0056638626219,"summer","good"
191,16.7155624766528,"summer","moderate"
192,12.4025127080733,"summer","moderate"
193,15.7566682253886,"summer","moderate"
194,7.83709313617967,"summer","good"
195,4.51358773337622,"summer","good"
196,30.9777070779837,"summer","moderate"
197,19.8056705893793,"summer","moderate"
198,4.98982910700045,"summer","good"
199,10.1106726665566,"summer","good"
200,5.51615932322152,"summer","good"
201,32.5904827910698,"summer","moderate"
202,25.4993038114681,"summer","moderate"
203,12.8788395464292,"summer","moderate"
204,19.3455524738567,"summer","moderate"
205,11.6852804166491,"summer","good"
206,11.1900248430754,"summer","good"
207,8.69117729719806,"summer","good"
208,10.2430618603239,"summer","good"
209,28.2072597386935,"summer","moderate"
210,14.5677749993165,"summer","moderate"
211,15.9539618914207,"summer","moderate"
212,16.9494994367927,"summer","moderate"
213,24.8598070278827,"summer","moderate"
214,10.8714893524418,"summer","good"
215,7.0599427968637,"summer","good"
216,28.4055754592255,"summer","moderate"
217,11.4706942647577,"summer","good"
218,9.21547224048101,"summer","good"
219,5.10981504893366,"summer","good"
220,4.72227422145763,"summer","good"
221,10.4082121656161,"summer","good"
222,19.9438865373322,"summer","moderate"
223,23.8787851114377,"summer","moderate"
224,20.6607068306847,"summer","moderate"
225,12.090741623238,"summer","moderate"
226,15.4779994990768,"summer","moderate"
227,9.36322829055944,"summer","good"
228,9.26225470740792,"summer","good"
229,22.0772039918154,"summer","moderate"
230,6.87525937117164,"summer","good"
231,30.6423517239397,"summer","moderate"
232,14.2774432482732,"summer","moderate"
233,16.7163106130337,"summer","moderate"
234,9.09177836208341,"summer","good"
235,10.4048904818938,"summer","good"
236,4.46387094155807,"summer","good"
237,13.5365968930182,"summer","moderate"
238,18.3518592393957,"summer","moderate"
239,17.594434753291,"summer","moderate"
240,8.74770810356199,"summer","good"
241,8.69102423316799,"summer","good"
242,10.9824102532571,"summer","good"
243,26.9684853587708,"summer","moderate"
244,5.90157103467404,"summer","good"
245,13.5675872449584,"summer","moderate"
246,30.2188945734314,"summer","moderate"
247,14.1922009173695,"summer","moderate"
248,4.12127436942885,"summer","good"
249,9.6818445178075,"summer","good"
250,18.883679831239,"summer","moderate"
251,11.9951770266418,"summer","good"
252,10.5049890916017,"summer","good"
253,12.2486621269723,"summer","moderate"
254,15.7239731771138,"summer","moderate"
255,27.7880701691666,"summer","moderate"
256,14.2914791028889,"summer","moderate"
257,23.6463959692121,"summer","moderate"
258,20.0460329252045,"summer","moderate"
259,14.0908808359509,"summer","moderate"
260,2.73678397687521,"summer","good"
261,10.8310614595798,"summer","good"
262,11.0810363748922,"summer","good"
263,15.3772354620922,"summer","moderate"
264,25.4015894213346,"summer","moderate"
265,33.3446317906487,"summer","moderate"
266,27.3806484718702,"summer","moderate"
267,13.9347922853684,"summer","moderate"
268,0.947780835538902,"summer","good"
269,11.8897610874261,"summer","good"
270,15.7136577845864,"summer","moderate"
271,21.7601040325395,"fall","moderate"
272,22.7002237478742,"fall","moderate"
273,20.4744754353317,"fall","moderate"
274,3.83780520160426,"fall","good"
275,21.7971443650668,"fall","moderate"
276,11.4275422685822,"fall","good"
277,16.39842160129,"fall","moderate"
278,15.5964094173899,"fall","moderate"
279,18.425334119764,"fall","moderate"
280,15.1973998626091,"fall","moderate"
281,1.6601992193147,"fall","good"
282,20.8919677181875,"fall","moderate"
283,18.0882125467974,"fall","moderate"
284,12.8747869977742,"fall","moderate"
285,15.9451560883734,"fall","moderate"
286,16.0723091629477,"fall","moderate"
287,16.768155748488,"fall","moderate"
288,28.1267693278199,"fall","moderate"
289,13.2475969685322,"fall","moderate"
290,16.3445230710773,"fall","moderate"
291,24.3470709845527,"fall","moderate"
292,23.4334481870154,"fall","moderate"
293,24.1621048830429,"fall","moderate"
294,10.3802559915235,"fall","good"
295,31.0198618423426,"fall","moderate"
296,15.5336069674415,"fall","moderate"
297,29.9348147576549,"fall","moderate"
298,4.19277851175431,"fall","good"
299,15.1678686908339,"fall","moderate"
300,24.9993165677537,"fall","moderate"
301,9.27806250221763,"fall","good"
302,8.97848825425806,"fall","good"
303,7.49169037114485,"fall","good"
304,6.57989376529011,"fall","good"
305,11.5027237345568,"fall","good"
306,17.6494333836719,"fall","moderate"
307,0,"fall","good"
308,16.6958434669783,"fall","moderate"
309,24.8934003713326,"fall","moderate"
310,31.3005921459235,"fall","moderate"
311,25.4094079376047,"fall","moderate"
312,21.0541981103677,"fall","moderate"
313,1.18615680708536,"fall","good"
314,10.1879463359457,"fall","good"
315,12.1836283473391,"fall","moderate"
316,20.6281912220552,"fall","moderate"
317,14.1546293279698,"fall","moderate"
318,4.93081097551863,"fall","good"
319,28.4754856647529,"fall","moderate"
320,22.2911303343677,"fall","moderate"
321,16.8994421799282,"fall","moderate"
322,24.7448688826065,"fall","moderate"
323,4.28980570212022,"fall","good"
324,20.2865623823184,"fall","moderate"
325,10.8167009894926,"fall","good"
326,20.4699641748057,"fall","moderate"
327,14.5134243627194,"fall","moderate"
328,20.0636857042516,"fall","moderate"
329,25.6841409204751,"fall","moderate"
330,15.0583207225352,"fall","moderate"
331,23.1404690956167,"fall","moderate"
332,5.49252771881617,"fall","good"
333,9.22716447651188,"fall","good"
334,27.1537416911054,"fall","moderate"
335,18.0191037841914,"fall","moderate"
336,0,"fall","good"
337,4.087700383341,"fall","good"
338,13.393751875287,"fall","moderate"
339,21.9262352346759,"fall","moderate"
340,14.1849339542782,"fall","moderate"
341,19.9934997761652,"fall","moderate"
342,22.6720430223026,"fall","moderate"
343,28.3684386309035,"fall","moderate"
344,15.4481338661997,"fall","moderate"
345,14.5841447505528,"fall","moderate"
346,0.974101126861845,"fall","good"
347,15.7946207527026,"fall","moderate"
348,10.4251995368355,"fall","good"
349,7.20792333756727,"fall","good"
350,13.5607501516197,"fall","moderate"
351,23.1195453819493,"fall","moderate"
352,0,"fall","good"
353,11.5817657023566,"fall","good"
354,15.9330982686617,"fall","moderate"
355,7.85433943956038,"fall","good"
356,17.6712235399938,"fall","moderate"
357,18.2914393649258,"fall","moderate"
358,14.7357107257921,"fall","moderate"
359,0,"fall","good"
360,35.5716651669331,"fall","unhealthy"
361,13.3576059402544,"fall","moderate"
362,20.2095462527014,"fall","moderate"
363,17.1901319282924,"fall","moderate"
364,23.1973858785468,"fall","moderate"
365,21.5412755709927,"fall","moderate"
